{"IcoMoonType":"selection","icons":[{"icon":{"paths":["M469.333 768h85.333v-85.333h-85.333zM512 85.333c-235.641 0-426.667 191.025-426.667 426.667s191.025 426.667 426.667 426.667c235.641 0 426.667-191.025 426.667-426.667v0c-0.087-235.607-191.060-426.581-426.659-426.667l-0.008-0zM512 853.333c-188.513 0-341.333-152.82-341.333-341.333s152.82-341.333 341.333-341.333c188.513 0 341.333 152.82 341.333 341.333v0c-0.259 188.409-152.924 341.074-341.308 341.333l-0.025 0zM512 256c-94.257 0-170.667 76.41-170.667 170.667v0h85.333c0-47.128 38.205-85.333 85.333-85.333s85.333 38.205 85.333 85.333v0c0 85.333-128 74.676-128 213.333h85.333c0-95.991 128-106.648 128-213.333 0-94.257-76.41-170.667-170.667-170.667v0z"],"attrs":[{"fill":"rgb(30, 181, 252)"}],"isMulticolor":false,"isMulticolor2":false,"grid":0,"tags":["Info"],"colorPermutations":{"25525525502552552551301812521":[{"f":0}]}},"attrs":[{"fill":"rgb(30, 181, 252)"}],"properties":{"order":42,"id":1,"name":"Info","prevSize":32,"code":59664},"setIdx":0,"setId":3,"iconIdx":0},{"icon":{"paths":["M1371.399 83.901l-662.955 745.508-610.727-745.508"],"attrs":[{"fill":"rgb(255, 255, 255)","stroke":"rgba(255, 255, 255, 0)","strokeLinejoin":"miter","strokeLinecap":"butt","strokeMiterlimit":"4","strokeWidth":252.7147059308092}],"width":1466,"isMulticolor":false,"isMulticolor2":false,"grid":0,"tags":["LangDD"],"colorPermutations":{"25525525502552552551301812521":[{"f":1,"s":0}]}},"attrs":[{"fill":"rgb(255, 255, 255)","stroke":"rgba(255, 255, 255, 0)","strokeLinejoin":"miter","strokeLinecap":"butt","strokeMiterlimit":"4","strokeWidth":252.7147059308092}],"properties":{"order":41,"id":0,"name":"LangDD","prevSize":32,"code":59665},"setIdx":0,"setId":3,"iconIdx":1}],"height":1024,"metadata":{"name":"icomoon"},"preferences":{"showGlyphs":true,"showQuickUse":true,"showQuickUse2":true,"showSVGs":true,"fontPref":{"prefix":"icon-","metadata":{"fontFamily":"icomoon"},"metrics":{"emSize":1024,"baseline":6.25,"whitespace":50},"embed":false},"imagePref":{"prefix":"icon-","png":true,"useClassSelector":true,"color":0,"bgColor":16777215,"classSelector":".icon"},"historySize":50,"showCodes":true,"gridSize":16}}